film_id,title,"conheço o filme?"
1,"ACADEMY DINOSAUR","Não conheço o filme"
2,"ACE GOLDFINGER","Já assisti a esse filme"
3,"ADAPTATION HOLES","Não conheço o filme"
4,"AFFAIR PREJUDICE","Não conheço o filme"
5,"AFRICAN EGG","Não conheço o filme"
6,"AGENT TRUMAN","Não conheço o filme"
7,"AIRPLANE SIERRA","Não conheço o filme"
8,"AIRPORT POLLOCK","Não conheço o filme"
9,"ALABAMA DEVIL","Não conheço o filme"
10,"ALADDIN CALENDAR","Não conheço o filme"
11,"ALAMO VIDEOTAPE","Não conheço o filme"
12,"ALASKA PHANTOM","Não conheço o filme"
13,"ALI FOREVER","Não conheço o filme"
14,"ALICE FANTASIA","Não conheço o filme"
15,"ALIEN CENTER","Não conheço o filme"
16,"ALLEY EVOLUTION","Não conheço o filme"
17,"ALONE TRIP","Não conheço o filme"
18,"ALTER VICTORY","Não conheço o filme"
19,"AMADEUS HOLY","Não conheço o filme"
20,"AMELIE HELLFIGHTERS","Não conheço o filme"
21,"AMERICAN CIRCUS","Não conheço o filme"
22,"AMISTAD MIDSUMMER","Não conheço o filme"
23,"ANACONDA CONFESSIONS","Não conheço o filme"
24,"ANALYZE HOOSIERS","Não conheço o filme"
25,"ANGELS LIFE","Não conheço o filme"
26,"ANNIE IDENTITY","Não conheço o filme"
27,"ANONYMOUS HUMAN","Não conheço o filme"
28,"ANTHEM LUKE","Não conheço o filme"
29,"ANTITRUST TOMATOES","Não conheço o filme"
30,"ANYTHING SAVANNAH","Não conheço o filme"
31,"APACHE DIVINE","Não conheço o filme"
32,"APOCALYPSE FLAMINGOS","Não conheço o filme"
33,"APOLLO TEEN","Não conheço o filme"
34,"ARABIA DOGMA","Não conheço o filme"
35,"ARACHNOPHOBIA ROLLERCOASTER","Não conheço o filme"
36,"ARGONAUTS TOWN","Não conheço o filme"
37,"ARIZONA BANG","Não conheço o filme"
38,"ARK RIDGEMONT","Não conheço o filme"
39,"ARMAGEDDON LOST","Não conheço o filme"
40,"ARMY FLINTSTONES","Não conheço o filme"
41,"ARSENIC INDEPENDENCE","Não conheço o filme"
42,"ARTIST COLDBLOODED","Não conheço o filme"
43,"ATLANTIS CAUSE","Não conheço o filme"
44,"ATTACKS HATE","Não conheço o filme"
45,"ATTRACTION NEWTON","Não conheço o filme"
46,"AUTUMN CROW","Não conheço o filme"
47,"BABY HALL","Não conheço o filme"
48,"BACKLASH UNDEFEATED","Não conheço o filme"
49,"BADMAN DAWN","Não conheço o filme"
50,"BAKED CLEOPATRA","Não conheço o filme"
51,"BALLOON HOMEWARD","Não conheço o filme"
52,"BALLROOM MOCKINGBIRD","Não conheço o filme"
53,"BANG KWAI","Não conheço o filme"
54,"BANGER PINOCCHIO","Não conheço o filme"
55,"BARBARELLA STREETCAR","Não conheço o filme"
56,"BAREFOOT MANCHURIAN","Não conheço o filme"
57,"BASIC EASY","Não conheço o filme"
58,"BEACH HEARTBREAKERS","Não conheço o filme"
59,"BEAR GRACELAND","Não conheço o filme"
60,"BEAST HUNCHBACK","Não conheço o filme"
61,"BEAUTY GREASE","Não conheço o filme"
62,"BED HIGHBALL","Não conheço o filme"
63,"BEDAZZLED MARRIED","Não conheço o filme"
64,"BEETHOVEN EXORCIST","Não conheço o filme"
65,"BEHAVIOR RUNAWAY","Não conheço o filme"
66,"BENEATH RUSH","Não conheço o filme"
67,"BERETS AGENT","Não conheço o filme"
68,"BETRAYED REAR","Não conheço o filme"
69,"BEVERLY OUTLAW","Não conheço o filme"
70,"BIKINI BORROWERS","Não conheço o filme"
71,"BILKO ANONYMOUS","Não conheço o filme"
72,"BILL OTHERS","Não conheço o filme"
73,"BINGO TALENTED","Não conheço o filme"
74,"BIRCH ANTITRUST","Não conheço o filme"
75,"BIRD INDEPENDENCE","Não conheço o filme"
76,"BIRDCAGE CASPER","Não conheço o filme"
77,"BIRDS PERDITION","Não conheço o filme"
78,"BLACKOUT PRIVATE","Não conheço o filme"
79,"BLADE POLISH","Não conheço o filme"
80,"BLANKET BEVERLY","Não conheço o filme"
81,"BLINDNESS GUN","Não conheço o filme"
82,"BLOOD ARGONAUTS","Não conheço o filme"
83,"BLUES INSTINCT","Não conheço o filme"
84,"BOILED DARES","Não conheço o filme"
85,"BONNIE HOLOCAUST","Não conheço o filme"
86,"BOOGIE AMELIE","Não conheço o filme"
87,"BOONDOCK BALLROOM","Não conheço o filme"
88,"BORN SPINAL","Não conheço o filme"
89,"BORROWERS BEDAZZLED","Não conheço o filme"
90,"BOULEVARD MOB","Não conheço o filme"
91,"BOUND CHEAPER","Não conheço o filme"
92,"BOWFINGER GABLES","Não conheço o filme"
93,"BRANNIGAN SUNRISE","Não conheço o filme"
94,"BRAVEHEART HUMAN","Não conheço o filme"
95,"BREAKFAST GOLDFINGER","Não conheço o filme"
96,"BREAKING HOME","Não conheço o filme"
97,"BRIDE INTRIGUE","Não conheço o filme"
98,"BRIGHT ENCOUNTERS","Não conheço o filme"
99,"BRINGING HYSTERICAL","Não conheço o filme"
100,"BROOKLYN DESERT","Não conheço o filme"
101,"BROTHERHOOD BLANKET","Não conheço o filme"
102,"BUBBLE GROSSE","Não conheço o filme"
103,"BUCKET BROTHERHOOD","Não conheço o filme"
104,"BUGSY SONG","Não conheço o filme"
105,"BULL SHAWSHANK","Não conheço o filme"
106,"BULWORTH COMMANDMENTS","Não conheço o filme"
107,"BUNCH MINDS","Não conheço o filme"
108,"BUTCH PANTHER","Não conheço o filme"
109,"BUTTERFLY CHOCOLAT","Não conheço o filme"
110,"CABIN FLASH","Não conheço o filme"
111,"CADDYSHACK JEDI","Não conheço o filme"
112,"CALENDAR GUNFIGHT","Não conheço o filme"
113,"CALIFORNIA BIRDS","Não conheço o filme"
114,"CAMELOT VACATION","Não conheço o filme"
115,"CAMPUS REMEMBER","Não conheço o filme"
116,"CANDIDATE PERDITION","Não conheço o filme"
117,"CANDLES GRAPES","Não conheço o filme"
118,"CANYON STOCK","Não conheço o filme"
119,"CAPER MOTIONS","Não conheço o filme"
120,"CARIBBEAN LIBERTY","Não conheço o filme"
121,"CAROL TEXAS","Não conheço o filme"
122,"CARRIE BUNCH","Não conheço o filme"
123,"CASABLANCA SUPER","Não conheço o filme"
124,"CASPER DRAGONFLY","Não conheço o filme"
125,"CASSIDY WYOMING","Não conheço o filme"
126,"CASUALTIES ENCINO","Não conheço o filme"
127,"CAT CONEHEADS","Não conheço o filme"
128,"CATCH AMISTAD","Não conheço o filme"
129,"CAUSE DATE","Não conheço o filme"
130,"CELEBRITY HORN","Não conheço o filme"
131,"CENTER DINOSAUR","Não conheço o filme"
132,"CHAINSAW UPTOWN","Não conheço o filme"
133,"CHAMBER ITALIAN","Não conheço o filme"
134,"CHAMPION FLATLINERS","Não conheço o filme"
135,"CHANCE RESURRECTION","Não conheço o filme"
136,"CHAPLIN LICENSE","Não conheço o filme"
137,"CHARADE DUFFEL","Não conheço o filme"
138,"CHARIOTS CONSPIRACY","Não conheço o filme"
139,"CHASING FIGHT","Não conheço o filme"
140,"CHEAPER CLYDE","Não conheço o filme"
141,"CHICAGO NORTH","Não conheço o filme"
142,"CHICKEN HELLFIGHTERS","Não conheço o filme"
143,"CHILL LUCK","Não conheço o filme"
144,"CHINATOWN GLADIATOR","Não conheço o filme"
145,"CHISUM BEHAVIOR","Não conheço o filme"
146,"CHITTY LOCK","Não conheço o filme"
147,"CHOCOLAT HARRY","Não conheço o filme"
148,"CHOCOLATE DUCK","Não conheço o filme"
149,"CHRISTMAS MOONSHINE","Não conheço o filme"
150,"CIDER DESIRE","Não conheço o filme"
151,"CINCINATTI WHISPERER","Não conheço o filme"
152,"CIRCUS YOUTH","Não conheço o filme"
153,"CITIZEN SHREK","Não conheço o filme"
154,"CLASH FREDDY","Não conheço o filme"
155,"CLEOPATRA DEVIL","Não conheço o filme"
156,"CLERKS ANGELS","Não conheço o filme"
157,"CLOCKWORK PARADISE","Não conheço o filme"
158,"CLONES PINOCCHIO","Não conheço o filme"
159,"CLOSER BANG","Não conheço o filme"
160,"CLUB GRAFFITI","Não conheço o filme"
161,"CLUE GRAIL","Não conheço o filme"
162,"CLUELESS BUCKET","Não conheço o filme"
163,"CLYDE THEORY","Não conheço o filme"
164,"COAST RAINBOW","Não conheço o filme"
165,"COLDBLOODED DARLING","Não conheço o filme"
166,"COLOR PHILADELPHIA","Não conheço o filme"
167,"COMA HEAD","Não conheço o filme"
168,"COMANCHEROS ENEMY","Não conheço o filme"
169,"COMFORTS RUSH","Não conheço o filme"
170,"COMMAND DARLING","Não conheço o filme"
171,"COMMANDMENTS EXPRESS","Não conheço o filme"
172,"CONEHEADS SMOOCHY","Não conheço o filme"
173,"CONFESSIONS MAGUIRE","Não conheço o filme"
174,"CONFIDENTIAL INTERVIEW","Não conheço o filme"
175,"CONFUSED CANDLES","Não conheço o filme"
176,"CONGENIALITY QUEST","Não conheço o filme"
177,"CONNECTICUT TRAMP","Não conheço o filme"
178,"CONNECTION MICROCOSMOS","Não conheço o filme"
179,"CONQUERER NUTS","Não conheço o filme"
180,"CONSPIRACY SPIRIT","Não conheço o filme"
181,"CONTACT ANONYMOUS","Não conheço o filme"
182,"CONTROL ANTHEM","Não conheço o filme"
183,"CONVERSATION DOWNHILL","Não conheço o filme"
184,"CORE SUIT","Não conheço o filme"
185,"COWBOY DOOM","Não conheço o filme"
186,"CRAFT OUTFIELD","Não conheço o filme"
187,"CRANES RESERVOIR","Não conheço o filme"
188,"CRAZY HOME","Não conheço o filme"
189,"CREATURES SHAKESPEARE","Não conheço o filme"
190,"CREEPERS KANE","Não conheço o filme"
191,"CROOKED FROGMEN","Não conheço o filme"
192,"CROSSING DIVORCE","Não conheço o filme"
193,"CROSSROADS CASUALTIES","Não conheço o filme"
194,"CROW GREASE","Não conheço o filme"
195,"CROWDS TELEMARK","Não conheço o filme"
196,"CRUELTY UNFORGIVEN","Não conheço o filme"
197,"CRUSADE HONEY","Não conheço o filme"
198,"CRYSTAL BREAKING","Não conheço o filme"
199,"CUPBOARD SINNERS","Não conheço o filme"
200,"CURTAIN VIDEOTAPE","Não conheço o filme"
201,"CYCLONE FAMILY","Não conheço o filme"
202,"DADDY PITTSBURGH","Não conheço o filme"
203,"DAISY MENAGERIE","Não conheço o filme"
204,"DALMATIONS SWEDEN","Não conheço o filme"
205,"DANCES NONE","Não conheço o filme"
206,"DANCING FEVER","Não conheço o filme"
207,"DANGEROUS UPTOWN","Não conheço o filme"
208,"DARES PLUTO","Não conheço o filme"
209,"DARKNESS WAR","Não conheço o filme"
210,"DARKO DORADO","Não conheço o filme"
211,"DARLING BREAKING","Não conheço o filme"
212,"DARN FORRESTER","Não conheço o filme"
213,"DATE SPEED","Não conheço o filme"
214,"DAUGHTER MADIGAN","Não conheço o filme"
215,"DAWN POND","Não conheço o filme"
216,"DAY UNFAITHFUL","Não conheço o filme"
217,"DAZED PUNK","Não conheço o filme"
218,"DECEIVER BETRAYED","Não conheço o filme"
219,"DEEP CRUSADE","Não conheço o filme"
220,"DEER VIRGINIAN","Não conheço o filme"
221,"DELIVERANCE MULHOLLAND","Não conheço o filme"
222,"DESERT POSEIDON","Não conheço o filme"
223,"DESIRE ALIEN","Não conheço o filme"
224,"DESPERATE TRAINSPOTTING","Não conheço o filme"
225,"DESTINATION JERK","Não conheço o filme"
226,"DESTINY SATURDAY","Não conheço o filme"
227,"DETAILS PACKER","Não conheço o filme"
228,"DETECTIVE VISION","Não conheço o filme"
229,"DEVIL DESIRE","Não conheço o filme"
230,"DIARY PANIC","Não conheço o filme"
231,"DINOSAUR SECRETARY","Não conheço o filme"
232,"DIRTY ACE","Não conheço o filme"
233,"DISCIPLE MOTHER","Não conheço o filme"
234,"DISTURBING SCARFACE","Não conheço o filme"
235,"DIVIDE MONSTER","Não conheço o filme"
236,"DIVINE RESURRECTION","Não conheço o filme"
237,"DIVORCE SHINING","Não conheço o filme"
238,"DOCTOR GRAIL","Não conheço o filme"
239,"DOGMA FAMILY","Não conheço o filme"
240,"DOLLS RAGE","Não conheço o filme"
241,"DONNIE ALLEY","Não conheço o filme"
242,"DOOM DANCING","Não conheço o filme"
243,"DOORS PRESIDENT","Não conheço o filme"
244,"DORADO NOTTING","Não conheço o filme"
245,"DOUBLE WRATH","Não conheço o filme"
246,"DOUBTFIRE LABYRINTH","Não conheço o filme"
247,"DOWNHILL ENOUGH","Não conheço o filme"
248,"DOZEN LION","Não conheço o filme"
249,"DRACULA CRYSTAL","Não conheço o filme"
250,"DRAGON SQUAD","Não conheço o filme"
251,"DRAGONFLY STRANGERS","Não conheço o filme"
252,"DREAM PICKUP","Não conheço o filme"
253,"DRIFTER COMMANDMENTS","Não conheço o filme"
254,"DRIVER ANNIE","Não conheço o filme"
255,"DRIVING POLISH","Não conheço o filme"
256,"DROP WATERFRONT","Não conheço o filme"
257,"DRUMLINE CYCLONE","Não conheço o filme"
258,"DRUMS DYNAMITE","Não conheço o filme"
259,"DUCK RACER","Não conheço o filme"
260,"DUDE BLINDNESS","Não conheço o filme"
261,"DUFFEL APOCALYPSE","Não conheço o filme"
262,"DUMBO LUST","Não conheço o filme"
263,"DURHAM PANKY","Não conheço o filme"
264,"DWARFS ALTER","Não conheço o filme"
265,"DYING MAKER","Não conheço o filme"
266,"DYNAMITE TARZAN","Não conheço o filme"
267,"EAGLES PANKY","Não conheço o filme"
268,"EARLY HOME","Não conheço o filme"
269,"EARRING INSTINCT","Não conheço o filme"
270,"EARTH VISION","Não conheço o filme"
271,"EASY GLADIATOR","Não conheço o filme"
272,"EDGE KISSING","Não conheço o filme"
273,"EFFECT GLADIATOR","Não conheço o filme"
274,"EGG IGBY","Não conheço o filme"
275,"EGYPT TENENBAUMS","Não conheço o filme"
276,"ELEMENT FREDDY","Não conheço o filme"
277,"ELEPHANT TROJAN","Não conheço o filme"
278,"ELF MURDER","Não conheço o filme"
279,"ELIZABETH SHANE","Não conheço o filme"
280,"EMPIRE MALKOVICH","Não conheço o filme"
281,"ENCINO ELF","Não conheço o filme"
282,"ENCOUNTERS CURTAIN","Não conheço o filme"
283,"ENDING CROWDS","Não conheço o filme"
284,"ENEMY ODDS","Não conheço o filme"
285,"ENGLISH BULWORTH","Não conheço o filme"
286,"ENOUGH RAGING","Não conheço o filme"
287,"ENTRAPMENT SATISFACTION","Não conheço o filme"
288,"ESCAPE METROPOLIS","Não conheço o filme"
289,"EVE RESURRECTION","Não conheço o filme"
290,"EVERYONE CRAFT","Não conheço o filme"
291,"EVOLUTION ALTER","Não conheço o filme"
292,"EXCITEMENT EVE","Não conheço o filme"
293,"EXORCIST STING","Não conheço o filme"
294,"EXPECATIONS NATURAL","Não conheço o filme"
295,"EXPENDABLE STALLION","Não conheço o filme"
296,"EXPRESS LONELY","Não conheço o filme"
297,"EXTRAORDINARY CONQUERER","Não conheço o filme"
298,"EYES DRIVING","Não conheço o filme"
299,"FACTORY DRAGON","Não conheço o filme"
300,"FALCON VOLUME","Não conheço o filme"
301,"FAMILY SWEET","Não conheço o filme"
302,"FANTASIA PARK","Não conheço o filme"
303,"FANTASY TROOPERS","Não conheço o filme"
304,"FARGO GANDHI","Não conheço o filme"
305,"FATAL HAUNTED","Não conheço o filme"
306,"FEATHERS METAL","Não conheço o filme"
307,"FELLOWSHIP AUTUMN","Não conheço o filme"
308,"FERRIS MOTHER","Não conheço o filme"
309,"FEUD FROGMEN","Não conheço o filme"
310,"FEVER EMPIRE","Não conheço o filme"
311,"FICTION CHRISTMAS","Não conheço o filme"
312,"FIDDLER LOST","Não conheço o filme"
313,"FIDELITY DEVIL","Não conheço o filme"
314,"FIGHT JAWBREAKER","Não conheço o filme"
315,"FINDING ANACONDA","Não conheço o filme"
316,"FIRE WOLVES","Não conheço o filme"
317,"FIREBALL PHILADELPHIA","Não conheço o filme"
318,"FIREHOUSE VIETNAM","Não conheço o filme"
319,"FISH OPUS","Não conheço o filme"
320,"FLAMINGOS CONNECTICUT","Não conheço o filme"
321,"FLASH WARS","Não conheço o filme"
322,"FLATLINERS KILLER","Não conheço o filme"
323,"FLIGHT LIES","Não conheço o filme"
324,"FLINTSTONES HAPPINESS","Não conheço o filme"
325,"FLOATS GARDEN","Não conheço o filme"
326,"FLYING HOOK","Não conheço o filme"
327,"FOOL MOCKINGBIRD","Não conheço o filme"
328,"FOREVER CANDIDATE","Não conheço o filme"
329,"FORREST SONS","Não conheço o filme"
330,"FORRESTER COMANCHEROS","Não conheço o filme"
331,"FORWARD TEMPLE","Não conheço o filme"
332,"FRANKENSTEIN STRANGER","Não conheço o filme"
333,"FREAKY POCUS","Não conheço o filme"
334,"FREDDY STORM","Não conheço o filme"
335,"FREEDOM CLEOPATRA","Não conheço o filme"
336,"FRENCH HOLIDAY","Não conheço o filme"
337,"FRIDA SLIPPER","Não conheço o filme"
338,"FRISCO FORREST","Não conheço o filme"
339,"FROGMEN BREAKING","Não conheço o filme"
340,"FRONTIER CABIN","Não conheço o filme"
341,"FROST HEAD","Não conheço o filme"
342,"FUGITIVE MAGUIRE","Não conheço o filme"
343,"FULL FLATLINERS","Não conheço o filme"
344,"FURY MURDER","Não conheço o filme"
345,"GABLES METROPOLIS","Não conheço o filme"
346,"GALAXY SWEETHEARTS","Não conheço o filme"
347,"GAMES BOWFINGER","Não conheço o filme"
348,"GANDHI KWAI","Não conheço o filme"
349,"GANGS PRIDE","Não conheço o filme"
350,"GARDEN ISLAND","Não conheço o filme"
351,"GASLIGHT CRUSADE","Não conheço o filme"
352,"GATHERING CALENDAR","Não conheço o filme"
353,"GENTLEMEN STAGE","Não conheço o filme"
354,"GHOST GROUNDHOG","Não conheço o filme"
355,"GHOSTBUSTERS ELF","Não conheço o filme"
356,"GIANT TROOPERS","Não conheço o filme"
357,"GILBERT PELICAN","Não conheço o filme"
358,"GILMORE BOILED","Não conheço o filme"
359,"GLADIATOR WESTWARD","Não conheço o filme"
360,"GLASS DYING","Não conheço o filme"
361,"GLEAMING JAWBREAKER","Não conheço o filme"
362,"GLORY TRACY","Não conheço o filme"
363,"GO PURPLE","Não conheço o filme"
364,"GODFATHER DIARY","Não conheço o filme"
365,"GOLD RIVER","Não conheço o filme"
366,"GOLDFINGER SENSIBILITY","Não conheço o filme"
367,"GOLDMINE TYCOON","Não conheço o filme"
368,"GONE TROUBLE","Não conheço o filme"
369,"GOODFELLAS SALUTE","Não conheço o filme"
370,"GORGEOUS BINGO","Não conheço o filme"
371,"GOSFORD DONNIE","Não conheço o filme"
372,"GRACELAND DYNAMITE","Não conheço o filme"
373,"GRADUATE LORD","Não conheço o filme"
374,"GRAFFITI LOVE","Não conheço o filme"
375,"GRAIL FRANKENSTEIN","Não conheço o filme"
376,"GRAPES FURY","Não conheço o filme"
377,"GREASE YOUTH","Não conheço o filme"
378,"GREATEST NORTH","Não conheço o filme"
379,"GREEDY ROOTS","Não conheço o filme"
380,"GREEK EVERYONE","Não conheço o filme"
381,"GRINCH MASSAGE","Não conheço o filme"
382,"GRIT CLOCKWORK","Não conheço o filme"
383,"GROOVE FICTION","Não conheço o filme"
384,"GROSSE WONDERFUL","Não conheço o filme"
385,"GROUNDHOG UNCUT","Não conheço o filme"
386,"GUMP DATE","Não conheço o filme"
387,"GUN BONNIE","Não conheço o filme"
388,"GUNFIGHT MOON","Não conheço o filme"
389,"GUNFIGHTER MUSSOLINI","Não conheço o filme"
390,"GUYS FALCON","Não conheço o filme"
391,"HALF OUTFIELD","Não conheço o filme"
392,"HALL CASSIDY","Não conheço o filme"
393,"HALLOWEEN NUTS","Não conheço o filme"
394,"HAMLET WISDOM","Não conheço o filme"
395,"HANDICAP BOONDOCK","Não conheço o filme"
396,"HANGING DEEP","Não conheço o filme"
397,"HANKY OCTOBER","Não conheço o filme"
398,"HANOVER GALAXY","Não conheço o filme"
399,"HAPPINESS UNITED","Não conheço o filme"
400,"HARDLY ROBBERS","Não conheço o filme"
401,"HAROLD FRENCH","Não conheço o filme"
402,"HARPER DYING","Não conheço o filme"
403,"HARRY IDAHO","Não conheço o filme"
404,"HATE HANDICAP","Não conheço o filme"
405,"HAUNTED ANTITRUST","Não conheço o filme"
406,"HAUNTING PIANIST","Não conheço o filme"
407,"HAWK CHILL","Não conheço o filme"
408,"HEAD STRANGER","Não conheço o filme"
409,"HEARTBREAKERS BRIGHT","Não conheço o filme"
410,"HEAVEN FREEDOM","Não conheço o filme"
411,"HEAVENLY GUN","Não conheço o filme"
412,"HEAVYWEIGHTS BEAST","Não conheço o filme"
413,"HEDWIG ALTER","Não conheço o filme"
414,"HELLFIGHTERS SIERRA","Não conheço o filme"
415,"HIGH ENCINO","Não conheço o filme"
416,"HIGHBALL POTTER","Não conheço o filme"
417,"HILLS NEIGHBORS","Não conheço o filme"
418,"HOBBIT ALIEN","Não conheço o filme"
419,"HOCUS FRIDA","Não conheço o filme"
420,"HOLES BRANNIGAN","Não conheço o filme"
421,"HOLIDAY GAMES","Não conheço o filme"
422,"HOLLOW JEOPARDY","Não conheço o filme"
423,"HOLLYWOOD ANONYMOUS","Não conheço o filme"
424,"HOLOCAUST HIGHBALL","Não conheço o filme"
425,"HOLY TADPOLE","Não conheço o filme"
426,"HOME PITY","Não conheço o filme"
427,"HOMEWARD CIDER","Não conheço o filme"
428,"HOMICIDE PEACH","Não conheço o filme"
429,"HONEY TIES","Não conheço o filme"
430,"HOOK CHARIOTS","Não conheço o filme"
431,"HOOSIERS BIRDCAGE","Não conheço o filme"
432,"HOPE TOOTSIE","Não conheço o filme"
433,"HORN WORKING","Não conheço o filme"
434,"HORROR REIGN","Não conheço o filme"
435,"HOTEL HAPPINESS","Não conheço o filme"
436,"HOURS RAGE","Não conheço o filme"
437,"HOUSE DYNAMITE","Não conheço o filme"
438,"HUMAN GRAFFITI","Não conheço o filme"
439,"HUNCHBACK IMPOSSIBLE","Não conheço o filme"
440,"HUNGER ROOF","Não conheço o filme"
441,"HUNTER ALTER","Não conheço o filme"
442,"HUNTING MUSKETEERS","Não conheço o filme"
443,"HURRICANE AFFAIR","Não conheço o filme"
444,"HUSTLER PARTY","Não conheço o filme"
445,"HYDE DOCTOR","Não conheço o filme"
446,"HYSTERICAL GRAIL","Não conheço o filme"
447,"ICE CROSSING","Não conheço o filme"
448,"IDAHO LOVE","Não conheço o filme"
449,"IDENTITY LOVER","Não conheço o filme"
450,"IDOLS SNATCHERS","Não conheço o filme"
451,"IGBY MAKER","Não conheço o filme"
452,"ILLUSION AMELIE","Não conheço o filme"
453,"IMAGE PRINCESS","Não conheço o filme"
454,"IMPACT ALADDIN","Não conheço o filme"
455,"IMPOSSIBLE PREJUDICE","Não conheço o filme"
456,"INCH JET","Não conheço o filme"
457,"INDEPENDENCE HOTEL","Não conheço o filme"
458,"INDIAN LOVE","Não conheço o filme"
459,"INFORMER DOUBLE","Não conheço o filme"
460,"INNOCENT USUAL","Não conheço o filme"
461,"INSECTS STONE","Não conheço o filme"
462,"INSIDER ARIZONA","Não conheço o filme"
463,"INSTINCT AIRPORT","Não conheço o filme"
464,"INTENTIONS EMPIRE","Não conheço o filme"
465,"INTERVIEW LIAISONS","Não conheço o filme"
466,"INTOLERABLE INTENTIONS","Não conheço o filme"
467,"INTRIGUE WORST","Não conheço o filme"
468,"INVASION CYCLONE","Não conheço o filme"
469,"IRON MOON","Não conheço o filme"
470,"ISHTAR ROCKETEER","Não conheço o filme"
471,"ISLAND EXORCIST","Não conheço o filme"
472,"ITALIAN AFRICAN","Não conheço o filme"
473,"JACKET FRISCO","Não conheço o filme"
474,"JADE BUNCH","Não conheço o filme"
475,"JAPANESE RUN","Não conheço o filme"
476,"JASON TRAP","Não conheço o filme"
477,"JAWBREAKER BROOKLYN","Não conheço o filme"
478,"JAWS HARRY","Não conheço o filme"
479,"JEDI BENEATH","Não conheço o filme"
480,"JEEPERS WEDDING","Não conheço o filme"
481,"JEKYLL FROGMEN","Não conheço o filme"
482,"JEOPARDY ENCINO","Não conheço o filme"
483,"JERICHO MULAN","Não conheço o filme"
484,"JERK PAYCHECK","Não conheço o filme"
485,"JERSEY SASSY","Não conheço o filme"
486,"JET NEIGHBORS","Não conheço o filme"
487,"JINGLE SAGEBRUSH","Não conheço o filme"
488,"JOON NORTHWEST","Não conheço o filme"
489,"JUGGLER HARDLY","Não conheço o filme"
490,"JUMANJI BLADE","Não conheço o filme"
491,"JUMPING WRATH","Não conheço o filme"
492,"JUNGLE CLOSER","Não conheço o filme"
493,"KANE EXORCIST","Não conheço o filme"
494,"KARATE MOON","Não conheço o filme"
495,"KENTUCKIAN GIANT","Não conheço o filme"
496,"KICK SAVANNAH","Não conheço o filme"
497,"KILL BROTHERHOOD","Não conheço o filme"
498,"KILLER INNOCENT","Não conheço o filme"
499,"KING EVOLUTION","Não conheço o filme"
500,"KISS GLORY","Não conheço o filme"
501,"KISSING DOLLS","Não conheço o filme"
502,"KNOCK WARLOCK","Não conheço o filme"
503,"KRAMER CHOCOLATE","Não conheço o filme"
504,"KWAI HOMEWARD","Não conheço o filme"
505,"LABYRINTH LEAGUE","Não conheço o filme"
506,"LADY STAGE","Não conheço o filme"
507,"LADYBUGS ARMAGEDDON","Não conheço o filme"
508,"LAMBS CINCINATTI","Não conheço o filme"
509,"LANGUAGE COWBOY","Não conheço o filme"
510,"LAWLESS VISION","Não conheço o filme"
511,"LAWRENCE LOVE","Não conheço o filme"
512,"LEAGUE HELLFIGHTERS","Não conheço o filme"
513,"LEATHERNECKS DWARFS","Não conheço o filme"
514,"LEBOWSKI SOLDIERS","Não conheço o filme"
515,"LEGALLY SECRETARY","Não conheço o filme"
516,"LEGEND JEDI","Não conheço o filme"
517,"LESSON CLEOPATRA","Não conheço o filme"
518,"LIAISONS SWEET","Não conheço o filme"
519,"LIBERTY MAGNIFICENT","Não conheço o filme"
520,"LICENSE WEEKEND","Não conheço o filme"
521,"LIES TREATMENT","Não conheço o filme"
522,"LIFE TWISTED","Não conheço o filme"
523,"LIGHTS DEER","Não conheço o filme"
524,"LION UNCUT","Não conheço o filme"
525,"LOATHING LEGALLY","Não conheço o filme"
526,"LOCK REAR","Não conheço o filme"
527,"LOLA AGENT","Não conheço o filme"
528,"LOLITA WORLD","Não conheço o filme"
529,"LONELY ELEPHANT","Não conheço o filme"
530,"LORD ARIZONA","Não conheço o filme"
531,"LOSE INCH","Não conheço o filme"
532,"LOSER HUSTLER","Não conheço o filme"
533,"LOST BIRD","Não conheço o filme"
534,"LOUISIANA HARRY","Não conheço o filme"
535,"LOVE SUICIDES","Não conheço o filme"
536,"LOVELY JINGLE","Não conheço o filme"
537,"LOVER TRUMAN","Não conheço o filme"
538,"LOVERBOY ATTACKS","Não conheço o filme"
539,"LUCK OPUS","Não conheço o filme"
540,"LUCKY FLYING","Não conheço o filme"
541,"LUKE MUMMY","Não conheço o filme"
542,"LUST LOCK","Não conheço o filme"
543,"MADIGAN DORADO","Não conheço o filme"
544,"MADISON TRAP","Não conheço o filme"
545,"MADNESS ATTACKS","Não conheço o filme"
546,"MADRE GABLES","Não conheço o filme"
547,"MAGIC MALLRATS","Não conheço o filme"
548,"MAGNIFICENT CHITTY","Não conheço o filme"
549,"MAGNOLIA FORRESTER","Não conheço o filme"
550,"MAGUIRE APACHE","Não conheço o filme"
551,"MAIDEN HOME","Não conheço o filme"
552,"MAJESTIC FLOATS","Não conheço o filme"
553,"MAKER GABLES","Não conheço o filme"
554,"MALKOVICH PET","Não conheço o filme"
555,"MALLRATS UNITED","Não conheço o filme"
556,"MALTESE HOPE","Não conheço o filme"
557,"MANCHURIAN CURTAIN","Não conheço o filme"
558,"MANNEQUIN WORST","Não conheço o filme"
559,"MARRIED GO","Não conheço o filme"
560,"MARS ROMAN","Não conheço o filme"
561,"MASK PEACH","Não conheço o filme"
562,"MASKED BUBBLE","Não conheço o filme"
563,"MASSACRE USUAL","Não conheço o filme"
564,"MASSAGE IMAGE","Não conheço o filme"
565,"MATRIX SNOWMAN","Não conheço o filme"
566,"MAUDE MOD","Não conheço o filme"
567,"MEET CHOCOLATE","Não conheço o filme"
568,"MEMENTO ZOOLANDER","Não conheço o filme"
569,"MENAGERIE RUSHMORE","Não conheço o filme"
570,"MERMAID INSECTS","Não conheço o filme"
571,"METAL ARMAGEDDON","Não conheço o filme"
572,"METROPOLIS COMA","Não conheço o filme"
573,"MICROCOSMOS PARADISE","Não conheço o filme"
574,"MIDNIGHT WESTWARD","Não conheço o filme"
575,"MIDSUMMER GROUNDHOG","Não conheço o filme"
576,"MIGHTY LUCK","Não conheço o filme"
577,"MILE MULAN","Não conheço o filme"
578,"MILLION ACE","Não conheço o filme"
579,"MINDS TRUMAN","Não conheço o filme"
580,"MINE TITANS","Não conheço o filme"
581,"MINORITY KISS","Não conheço o filme"
582,"MIRACLE VIRTUAL","Não conheço o filme"
583,"MISSION ZOOLANDER","Não conheço o filme"
584,"MIXED DOORS","Não conheço o filme"
585,"MOB DUFFEL","Não conheço o filme"
586,"MOCKINGBIRD HOLLYWOOD","Não conheço o filme"
587,"MOD SECRETARY","Não conheço o filme"
588,"MODEL FISH","Não conheço o filme"
589,"MODERN DORADO","Não conheço o filme"
590,"MONEY HAROLD","Não conheço o filme"
591,"MONSOON CAUSE","Não conheço o filme"
592,"MONSTER SPARTACUS","Não conheço o filme"
593,"MONTEREY LABYRINTH","Não conheço o filme"
594,"MONTEZUMA COMMAND","Não conheço o filme"
595,"MOON BUNCH","Não conheço o filme"
596,"MOONSHINE CABIN","Não conheço o filme"
597,"MOONWALKER FOOL","Não conheço o filme"
598,"MOSQUITO ARMAGEDDON","Não conheço o filme"
599,"MOTHER OLEANDER","Não conheço o filme"
600,"MOTIONS DETAILS","Não conheço o filme"
601,"MOULIN WAKE","Não conheço o filme"
602,"MOURNING PURPLE","Não conheço o filme"
603,"MOVIE SHAKESPEARE","Não conheço o filme"
604,"MULAN MOON","Não conheço o filme"
605,"MULHOLLAND BEAST","Não conheço o filme"
606,"MUMMY CREATURES","Não conheço o filme"
607,"MUPPET MILE","Não conheço o filme"
608,"MURDER ANTITRUST","Não conheço o filme"
609,"MUSCLE BRIGHT","Não conheço o filme"
610,"MUSIC BOONDOCK","Não conheço o filme"
611,"MUSKETEERS WAIT","Não conheço o filme"
612,"MUSSOLINI SPOILERS","Não conheço o filme"
613,"MYSTIC TRUMAN","Não conheço o filme"
614,"NAME DETECTIVE","Não conheço o filme"
615,"NASH CHOCOLAT","Não conheço o filme"
616,"NATIONAL STORY","Não conheço o filme"
617,"NATURAL STOCK","Não conheço o filme"
618,"NECKLACE OUTBREAK","Não conheço o filme"
619,"NEIGHBORS CHARADE","Não conheço o filme"
620,"NEMO CAMPUS","Não conheço o filme"
621,"NETWORK PEAK","Não conheço o filme"
622,"NEWSIES STORY","Não conheço o filme"
623,"NEWTON LABYRINTH","Não conheço o filme"
624,"NIGHTMARE CHILL","Não conheço o filme"
625,"NONE SPIKING","Não conheço o filme"
626,"NOON PAPI","Não conheço o filme"
627,"NORTH TEQUILA","Não conheço o filme"
628,"NORTHWEST POLISH","Não conheço o filme"
629,"NOTORIOUS REUNION","Não conheço o filme"
630,"NOTTING SPEAKEASY","Não conheço o filme"
631,"NOVOCAINE FLIGHT","Não conheço o filme"
632,"NUTS TIES","Não conheço o filme"
633,"OCTOBER SUBMARINE","Não conheço o filme"
634,"ODDS BOOGIE","Não conheço o filme"
635,"OKLAHOMA JUMANJI","Não conheço o filme"
636,"OLEANDER CLUE","Não conheço o filme"
637,"OPEN AFRICAN","Não conheço o filme"
638,"OPERATION OPERATION","Não conheço o filme"
639,"OPPOSITE NECKLACE","Não conheço o filme"
640,"OPUS ICE","Não conheço o filme"
641,"ORANGE GRAPES","Não conheço o filme"
642,"ORDER BETRAYED","Não conheço o filme"
643,"ORIENT CLOSER","Não conheço o filme"
644,"OSCAR GOLD","Não conheço o filme"
645,"OTHERS SOUP","Não conheço o filme"
646,"OUTBREAK DIVINE","Não conheço o filme"
647,"OUTFIELD MASSACRE","Não conheço o filme"
648,"OUTLAW HANKY","Não conheço o filme"
649,"OZ LIAISONS","Não conheço o filme"
650,"PACIFIC AMISTAD","Não conheço o filme"
651,"PACKER MADIGAN","Não conheço o filme"
652,"PAJAMA JAWBREAKER","Não conheço o filme"
653,"PANIC CLUB","Não conheço o filme"
654,"PANKY SUBMARINE","Não conheço o filme"
655,"PANTHER REDS","Não conheço o filme"
656,"PAPI NECKLACE","Não conheço o filme"
657,"PARADISE SABRINA","Não conheço o filme"
658,"PARIS WEEKEND","Não conheço o filme"
659,"PARK CITIZEN","Não conheço o filme"
660,"PARTY KNOCK","Não conheço o filme"
661,"PAST SUICIDES","Não conheço o filme"
662,"PATHS CONTROL","Não conheço o filme"
663,"PATIENT SISTER","Não conheço o filme"
664,"PATRIOT ROMAN","Não conheço o filme"
665,"PATTON INTERVIEW","Não conheço o filme"
666,"PAYCHECK WAIT","Não conheço o filme"
667,"PEACH INNOCENT","Não conheço o filme"
668,"PEAK FOREVER","Não conheço o filme"
669,"PEARL DESTINY","Não conheço o filme"
670,"PELICAN COMFORTS","Não conheço o filme"
671,"PERDITION FARGO","Não conheço o filme"
672,"PERFECT GROOVE","Não conheço o filme"
673,"PERSONAL LADYBUGS","Não conheço o filme"
674,"PET HAUNTING","Não conheço o filme"
675,"PHANTOM GLORY","Não conheço o filme"
676,"PHILADELPHIA WIFE","Não conheço o filme"
677,"PIANIST OUTFIELD","Não conheço o filme"
678,"PICKUP DRIVING","Não conheço o filme"
679,"PILOT HOOSIERS","Não conheço o filme"
680,"PINOCCHIO SIMON","Não conheço o filme"
681,"PIRATES ROXANNE","Não conheço o filme"
682,"PITTSBURGH HUNCHBACK","Não conheço o filme"
683,"PITY BOUND","Não conheço o filme"
684,"PIZZA JUMANJI","Não conheço o filme"
685,"PLATOON INSTINCT","Não conheço o filme"
686,"PLUTO OLEANDER","Não conheço o filme"
687,"POCUS PULP","Não conheço o filme"
688,"POLISH BROOKLYN","Não conheço o filme"
689,"POLLOCK DELIVERANCE","Não conheço o filme"
690,"POND SEATTLE","Não conheço o filme"
691,"POSEIDON FOREVER","Não conheço o filme"
692,"POTLUCK MIXED","Não conheço o filme"
693,"POTTER CONNECTICUT","Não conheço o filme"
694,"PREJUDICE OLEANDER","Não conheço o filme"
695,"PRESIDENT BANG","Não conheço o filme"
696,"PRIDE ALAMO","Não conheço o filme"
697,"PRIMARY GLASS","Não conheço o filme"
698,"PRINCESS GIANT","Não conheço o filme"
699,"PRIVATE DROP","Não conheço o filme"
700,"PRIX UNDEFEATED","Não conheço o filme"
701,"PSYCHO SHRUNK","Não conheço o filme"
702,"PULP BEVERLY","Não conheço o filme"
703,"PUNK DIVORCE","Não conheço o filme"
704,"PURE RUNNER","Não conheço o filme"
705,"PURPLE MOVIE","Não conheço o filme"
706,"QUEEN LUKE","Não conheço o filme"
707,"QUEST MUSSOLINI","Não conheço o filme"
708,"QUILLS BULL","Não conheço o filme"
709,"RACER EGG","Não conheço o filme"
710,"RAGE GAMES","Não conheço o filme"
711,"RAGING AIRPLANE","Não conheço o filme"
712,"RAIDERS ANTITRUST","Não conheço o filme"
713,"RAINBOW SHOCK","Não conheço o filme"
714,"RANDOM GO","Não conheço o filme"
715,"RANGE MOONWALKER","Não conheço o filme"
716,"REAP UNFAITHFUL","Não conheço o filme"
717,"REAR TRADING","Não conheço o filme"
718,"REBEL AIRPORT","Não conheço o filme"
719,"RECORDS ZORRO","Não conheço o filme"
720,"REDEMPTION COMFORTS","Não conheço o filme"
721,"REDS POCUS","Não conheço o filme"
722,"REEF SALUTE","Não conheço o filme"
723,"REIGN GENTLEMEN","Não conheço o filme"
724,"REMEMBER DIARY","Não conheço o filme"
725,"REQUIEM TYCOON","Não conheço o filme"
726,"RESERVOIR ADAPTATION","Não conheço o filme"
727,"RESURRECTION SILVERADO","Não conheço o filme"
728,"REUNION WITCHES","Não conheço o filme"
729,"RIDER CADDYSHACK","Não conheço o filme"
730,"RIDGEMONT SUBMARINE","Não conheço o filme"
731,"RIGHT CRANES","Não conheço o filme"
732,"RINGS HEARTBREAKERS","Não conheço o filme"
733,"RIVER OUTLAW","Não conheço o filme"
734,"ROAD ROXANNE","Não conheço o filme"
735,"ROBBERS JOON","Não conheço o filme"
736,"ROBBERY BRIGHT","Não conheço o filme"
737,"ROCK INSTINCT","Não conheço o filme"
738,"ROCKETEER MOTHER","Não conheço o filme"
739,"ROCKY WAR","Não conheço o filme"
740,"ROLLERCOASTER BRINGING","Não conheço o filme"
741,"ROMAN PUNK","Não conheço o filme"
742,"ROOF CHAMPION","Não conheço o filme"
743,"ROOM ROMAN","Não conheço o filme"
744,"ROOTS REMEMBER","Não conheço o filme"
745,"ROSES TREASURE","Não conheço o filme"
746,"ROUGE SQUAD","Não conheço o filme"
747,"ROXANNE REBEL","Não conheço o filme"
748,"RUGRATS SHAKESPEARE","Não conheço o filme"
749,"RULES HUMAN","Não conheço o filme"
750,"RUN PACIFIC","Não conheço o filme"
751,"RUNAWAY TENENBAUMS","Não conheço o filme"
752,"RUNNER MADIGAN","Não conheço o filme"
753,"RUSH GOODFELLAS","Não conheço o filme"
754,"RUSHMORE MERMAID","Não conheço o filme"
755,"SABRINA MIDNIGHT","Não conheço o filme"
756,"SADDLE ANTITRUST","Não conheço o filme"
757,"SAGEBRUSH CLUELESS","Não conheço o filme"
758,"SAINTS BRIDE","Não conheço o filme"
759,"SALUTE APOLLO","Não conheço o filme"
760,"SAMURAI LION","Não conheço o filme"
761,"SANTA PARIS","Não conheço o filme"
762,"SASSY PACKER","Não conheço o filme"
763,"SATISFACTION CONFIDENTIAL","Não conheço o filme"
764,"SATURDAY LAMBS","Não conheço o filme"
765,"SATURN NAME","Não conheço o filme"
766,"SAVANNAH TOWN","Não conheço o filme"
767,"SCALAWAG DUCK","Não conheço o filme"
768,"SCARFACE BANG","Não conheço o filme"
769,"SCHOOL JACKET","Não conheço o filme"
770,"SCISSORHANDS SLUMS","Não conheço o filme"
771,"SCORPION APOLLO","Não conheço o filme"
772,"SEA VIRGIN","Não conheço o filme"
773,"SEABISCUIT PUNK","Não conheço o filme"
774,"SEARCHERS WAIT","Não conheço o filme"
775,"SEATTLE EXPECATIONS","Não conheço o filme"
776,"SECRET GROUNDHOG","Não conheço o filme"
777,"SECRETARY ROUGE","Não conheço o filme"
778,"SECRETS PARADISE","Não conheço o filme"
779,"SENSE GREEK","Não conheço o filme"
780,"SENSIBILITY REAR","Não conheço o filme"
781,"SEVEN SWARM","Não conheço o filme"
782,"SHAKESPEARE SADDLE","Não conheço o filme"
783,"SHANE DARKNESS","Não conheço o filme"
784,"SHANGHAI TYCOON","Não conheço o filme"
785,"SHAWSHANK BUBBLE","Não conheço o filme"
786,"SHEPHERD MIDSUMMER","Não conheço o filme"
787,"SHINING ROSES","Não conheço o filme"
788,"SHIP WONDERLAND","Não conheço o filme"
789,"SHOCK CABIN","Não conheço o filme"
790,"SHOOTIST SUPERFLY","Não conheço o filme"
791,"SHOW LORD","Não conheço o filme"
792,"SHREK LICENSE","Não conheço o filme"
793,"SHRUNK DIVINE","Não conheço o filme"
794,"SIDE ARK","Não conheço o filme"
795,"SIEGE MADRE","Não conheço o filme"
796,"SIERRA DIVIDE","Não conheço o filme"
797,"SILENCE KANE","Não conheço o filme"
798,"SILVERADO GOLDFINGER","Não conheço o filme"
799,"SIMON NORTH","Não conheço o filme"
800,"SINNERS ATLANTIS","Não conheço o filme"
801,"SISTER FREDDY","Não conheço o filme"
802,"SKY MIRACLE","Não conheço o filme"
803,"SLACKER LIAISONS","Não conheço o filme"
804,"SLEEPING SUSPECTS","Não conheço o filme"
805,"SLEEPLESS MONSOON","Não conheço o filme"
806,"SLEEPY JAPANESE","Não conheço o filme"
807,"SLEUTH ORIENT","Não conheço o filme"
808,"SLING LUKE","Não conheço o filme"
809,"SLIPPER FIDELITY","Não conheço o filme"
810,"SLUMS DUCK","Não conheço o filme"
811,"SMILE EARRING","Não conheço o filme"
812,"SMOKING BARBARELLA","Não conheço o filme"
813,"SMOOCHY CONTROL","Não conheço o filme"
814,"SNATCH SLIPPER","Não conheço o filme"
815,"SNATCHERS MONTEZUMA","Não conheço o filme"
816,"SNOWMAN ROLLERCOASTER","Não conheço o filme"
817,"SOLDIERS EVOLUTION","Não conheço o filme"
818,"SOMETHING DUCK","Não conheço o filme"
819,"SONG HEDWIG","Não conheço o filme"
820,"SONS INTERVIEW","Não conheço o filme"
821,"SORORITY QUEEN","Não conheço o filme"
822,"SOUP WISDOM","Não conheço o filme"
823,"SOUTH WAIT","Não conheço o filme"
824,"SPARTACUS CHEAPER","Não conheço o filme"
825,"SPEAKEASY DATE","Não conheço o filme"
826,"SPEED SUIT","Não conheço o filme"
827,"SPICE SORORITY","Não conheço o filme"
828,"SPIKING ELEMENT","Não conheço o filme"
829,"SPINAL ROCKY","Não conheço o filme"
830,"SPIRIT FLINTSTONES","Não conheço o filme"
831,"SPIRITED CASUALTIES","Não conheço o filme"
832,"SPLASH GUMP","Não conheço o filme"
833,"SPLENDOR PATTON","Não conheço o filme"
834,"SPOILERS HELLFIGHTERS","Não conheço o filme"
835,"SPY MILE","Não conheço o filme"
836,"SQUAD FISH","Não conheço o filme"
837,"STAGE WORLD","Não conheço o filme"
838,"STAGECOACH ARMAGEDDON","Não conheço o filme"
839,"STALLION SUNDANCE","Não conheço o filme"
840,"STAMPEDE DISTURBING","Não conheço o filme"
841,"STAR OPERATION","Não conheço o filme"
842,"STATE WASTELAND","Não conheço o filme"
843,"STEEL SANTA","Não conheço o filme"
844,"STEERS ARMAGEDDON","Não conheço o filme"
845,"STEPMOM DREAM","Não conheço o filme"
846,"STING PERSONAL","Não conheço o filme"
847,"STOCK GLASS","Não conheço o filme"
848,"STONE FIRE","Não conheço o filme"
849,"STORM HAPPINESS","Não conheço o filme"
850,"STORY SIDE","Não conheço o filme"
851,"STRAIGHT HOURS","Não conheço o filme"
852,"STRANGELOVE DESIRE","Não conheço o filme"
853,"STRANGER STRANGERS","Não conheço o filme"
854,"STRANGERS GRAFFITI","Não conheço o filme"
855,"STREAK RIDGEMONT","Não conheço o filme"
856,"STREETCAR INTENTIONS","Não conheço o filme"
857,"STRICTLY SCARFACE","Não conheço o filme"
858,"SUBMARINE BED","Não conheço o filme"
859,"SUGAR WONKA","Não conheço o filme"
860,"SUICIDES SILENCE","Não conheço o filme"
861,"SUIT WALLS","Não conheço o filme"
862,"SUMMER SCARFACE","Não conheço o filme"
863,"SUN CONFESSIONS","Não conheço o filme"
864,"SUNDANCE INVASION","Não conheço o filme"
865,"SUNRISE LEAGUE","Não conheço o filme"
866,"SUNSET RACER","Não conheço o filme"
867,"SUPER WYOMING","Não conheço o filme"
868,"SUPERFLY TRIP","Não conheço o filme"
869,"SUSPECTS QUILLS","Não conheço o filme"
870,"SWARM GOLD","Não conheço o filme"
871,"SWEDEN SHINING","Não conheço o filme"
872,"SWEET BROTHERHOOD","Não conheço o filme"
873,"SWEETHEARTS SUSPECTS","Não conheço o filme"
874,"TADPOLE PARK","Não conheço o filme"
875,"TALENTED HOMICIDE","Não conheço o filme"
876,"TARZAN VIDEOTAPE","Não conheço o filme"
877,"TAXI KICK","Não conheço o filme"
878,"TEEN APOLLO","Não conheço o filme"
879,"TELEGRAPH VOYAGE","Não conheço o filme"
880,"TELEMARK HEARTBREAKERS","Não conheço o filme"
881,"TEMPLE ATTRACTION","Não conheço o filme"
882,"TENENBAUMS COMMAND","Não conheço o filme"
883,"TEQUILA PAST","Não conheço o filme"
884,"TERMINATOR CLUB","Não conheço o filme"
885,"TEXAS WATCH","Não conheço o filme"
886,"THEORY MERMAID","Não conheço o filme"
887,"THIEF PELICAN","Não conheço o filme"
888,"THIN SAGEBRUSH","Não conheço o filme"
889,"TIES HUNGER","Não conheço o filme"
890,"TIGHTS DAWN","Não conheço o filme"
891,"TIMBERLAND SKY","Não conheço o filme"
892,"TITANIC BOONDOCK","Não conheço o filme"
893,"TITANS JERK","Não conheço o filme"
894,"TOMATOES HELLFIGHTERS","Não conheço o filme"
895,"TOMORROW HUSTLER","Não conheço o filme"
896,"TOOTSIE PILOT","Não conheço o filme"
897,"TORQUE BOUND","Não conheço o filme"
898,"TOURIST PELICAN","Não conheço o filme"
899,"TOWERS HURRICANE","Não conheço o filme"
900,"TOWN ARK","Não conheço o filme"
901,"TRACY CIDER","Não conheço o filme"
902,"TRADING PINOCCHIO","Não conheço o filme"
903,"TRAFFIC HOBBIT","Não conheço o filme"
904,"TRAIN BUNCH","Não conheço o filme"
905,"TRAINSPOTTING STRANGERS","Não conheço o filme"
906,"TRAMP OTHERS","Não conheço o filme"
907,"TRANSLATION SUMMER","Não conheço o filme"
908,"TRAP GUYS","Não conheço o filme"
909,"TREASURE COMMAND","Não conheço o filme"
910,"TREATMENT JEKYLL","Não conheço o filme"
911,"TRIP NEWTON","Não conheço o filme"
912,"TROJAN TOMORROW","Não conheço o filme"
913,"TROOPERS METAL","Não conheço o filme"
914,"TROUBLE DATE","Não conheço o filme"
915,"TRUMAN CRAZY","Não conheço o filme"
916,"TURN STAR","Não conheço o filme"
917,"TUXEDO MILE","Não conheço o filme"
918,"TWISTED PIRATES","Não conheço o filme"
919,"TYCOON GATHERING","Não conheço o filme"
920,"UNBREAKABLE KARATE","Não conheço o filme"
921,"UNCUT SUICIDES","Não conheço o filme"
922,"UNDEFEATED DALMATIONS","Não conheço o filme"
923,"UNFAITHFUL KILL","Não conheço o filme"
924,"UNFORGIVEN ZOOLANDER","Não conheço o filme"
925,"UNITED PILOT","Não conheço o filme"
926,"UNTOUCHABLES SUNRISE","Não conheço o filme"
927,"UPRISING UPTOWN","Não conheço o filme"
928,"UPTOWN YOUNG","Não conheço o filme"
929,"USUAL UNTOUCHABLES","Não conheço o filme"
930,"VACATION BOONDOCK","Não conheço o filme"
931,"VALENTINE VANISHING","Não conheço o filme"
932,"VALLEY PACKER","Não conheço o filme"
933,"VAMPIRE WHALE","Não conheço o filme"
934,"VANILLA DAY","Não conheço o filme"
935,"VANISHED GARDEN","Não conheço o filme"
936,"VANISHING ROCKY","Não conheço o filme"
937,"VARSITY TRIP","Não conheço o filme"
938,"VELVET TERMINATOR","Não conheço o filme"
939,"VERTIGO NORTHWEST","Não conheço o filme"
940,"VICTORY ACADEMY","Não conheço o filme"
941,"VIDEOTAPE ARSENIC","Não conheço o filme"
942,"VIETNAM SMOOCHY","Não conheço o filme"
943,"VILLAIN DESPERATE","Não conheço o filme"
944,"VIRGIN DAISY","Não conheço o filme"
945,"VIRGINIAN PLUTO","Não conheço o filme"
946,"VIRTUAL SPOILERS","Não conheço o filme"
947,"VISION TORQUE","Não conheço o filme"
948,"VOICE PEACH","Não conheço o filme"
949,"VOLCANO TEXAS","Não conheço o filme"
950,"VOLUME HOUSE","Não conheço o filme"
951,"VOYAGE LEGALLY","Não conheço o filme"
952,"WAGON JAWS","Não conheço o filme"
953,"WAIT CIDER","Não conheço o filme"
954,"WAKE JAWS","Não conheço o filme"
955,"WALLS ARTIST","Não conheço o filme"
956,"WANDA CHAMBER","Não conheço o filme"
957,"WAR NOTTING","Não conheço o filme"
958,"WARDROBE PHANTOM","Não conheço o filme"
959,"WARLOCK WEREWOLF","Não conheço o filme"
960,"WARS PLUTO","Não conheço o filme"
961,"WASH HEAVENLY","Não conheço o filme"
962,"WASTELAND DIVINE","Não conheço o filme"
963,"WATCH TRACY","Não conheço o filme"
964,"WATERFRONT DELIVERANCE","Não conheço o filme"
965,"WATERSHIP FRONTIER","Não conheço o filme"
966,"WEDDING APOLLO","Não conheço o filme"
967,"WEEKEND PERSONAL","Não conheço o filme"
968,"WEREWOLF LOLA","Não conheço o filme"
969,"WEST LION","Não conheço o filme"
970,"WESTWARD SEABISCUIT","Não conheço o filme"
971,"WHALE BIKINI","Não conheço o filme"
972,"WHISPERER GIANT","Não conheço o filme"
973,"WIFE TURN","Não conheço o filme"
974,"WILD APOLLO","Não conheço o filme"
975,"WILLOW TRACY","Não conheço o filme"
976,"WIND PHANTOM","Não conheço o filme"
977,"WINDOW SIDE","Não conheço o filme"
978,"WISDOM WORKER","Não conheço o filme"
979,"WITCHES PANIC","Não conheço o filme"
980,"WIZARD COLDBLOODED","Não conheço o filme"
981,"WOLVES DESIRE","Não conheço o filme"
982,"WOMEN DORADO","Não conheço o filme"
983,"WON DARES","Não conheço o filme"
984,"WONDERFUL DROP","Não conheço o filme"
985,"WONDERLAND CHRISTMAS","Não conheço o filme"
986,"WONKA SEA","Não conheço o filme"
987,"WORDS HUNTER","Não conheço o filme"
988,"WORKER TARZAN","Não conheço o filme"
989,"WORKING MICROCOSMOS","Não conheço o filme"
990,"WORLD LEATHERNECKS","Não conheço o filme"
991,"WORST BANGER","Não conheço o filme"
992,"WRATH MILE","Não conheço o filme"
993,"WRONG BEHAVIOR","Não conheço o filme"
994,"WYOMING STORM","Não conheço o filme"
995,"YENTL IDAHO","Não conheço o filme"
996,"YOUNG LANGUAGE","Não conheço o filme"
997,"YOUTH KICK","Não conheço o filme"
998,"ZHIVAGO CORE","Não conheço o filme"
999,"ZOOLANDER FICTION","Não conheço o filme"
1000,"ZORRO ARK","Não conheço o filme"
