first_name,COUNT(a.address)
ZACHARY,1
YVONNE,1
YOLANDA,1
WILMA,1
WILLIE,1
WILLIE,1
WILLIAM,1
WILLARD,1
WESLEY,1
WENDY,1
WAYNE,1
WARREN,1
WANDA,1
WALTER,1
WALLACE,1
WADE,1
VIVIAN,1
VIRGINIA,1
VIRGIL,1
VIOLET,1
VIOLA,1
VINCENT,1
VICTORIA,1
VICTOR,1
VICKIE,1
VICKI,1
VERONICA,1
VERNON,1
VERA,1
VELMA,1
VANESSA,1
VALERIE,1
TYRONE,1
TYLER,1
TROY,1
TRAVIS,1
TRACY,1
TRACY,1
TRACEY,1
TONYA,1
TONY,1
TONI,1
TOMMY,1
TOM,1
TODD,1
TINA,1
TIMOTHY,1
TIM,1
TIFFANY,1
THOMAS,1
THERESA,1
THELMA,1
TERRY,1
TERRY,1
TERRI,1
TERRENCE,1
TERESA,1
TED,1
TARA,1
TANYA,1
TAMMY,1
TAMARA,1
SYLVIA,1
SUZANNE,1
SUSAN,1
SUE,1
STEVEN,1
STEVE,1
STEPHEN,1
STEPHANIE,1
STELLA,1
STANLEY,1
STACY,1
STACEY,1
SONIA,1
SIDNEY,1
SHIRLEY,1
SHERRY,1
SHERRI,1
SHELLY,1
SHAWN,1
SHARON,1
SHANNON,1
SHANE,1
SETH,1
SERGIO,1
SEAN,1
SCOTT,1
SARAH,1
SARA,1
SAMUEL,1
SAMANTHA,1
SAM,1
SALVADOR,1
SALLY,1
RYAN,1
RUTH,1
RUSSELL,1
RUBY,1
RUBEN,1
ROY,1
ROSS,1
ROSEMARY,1
ROSE,1
ROSA,1
RONNIE,1
RONALD,1
RON,1
ROLAND,1
ROGER,1
RODNEY,1
ROBIN,1
ROBERTO,1
ROBERTA,1
ROBERT,1
RITA,1
RICKY,1
RICK,1
RICHARD,1
RICARDO,1
RHONDA,1
RENEE,1
RENE,1
REGINALD,1
REGINA,1
REBECCA,1
RAYMOND,1
RAY,1
RAUL,1
RANDY,1
RANDALL,1
RAMONA,1
RAMON,1
RALPH,1
RAFAEL,1
RACHEL,1
PRISCILLA,1
PHYLLIS,1
PHILLIP,1
PHILIP,1
PETER,1
PERRY,1
PEGGY,1
PEDRO,1
PEARL,1
PAULINE,1
PAULA,1
PAUL,1
PATSY,1
PATRICK,1
PATRICIA,1
PAMELA,1
OSCAR,1
OLGA,1
NORMAN,1
NORMA,1
NORA,1
NINA,1
NICOLE,1
NICHOLAS,1
NELSON,1
NELLIE,1
NEIL,1
NATHANIEL,1
NATALIE,1
NAOMI,1
NANCY,1
MYRTLE,1
MORRIS,1
MONICA,1
MITCHELL,1
MISTY,1
MIRIAM,1
MINNIE,1
MILTON,1
MILDRED,1
MIKE,1
MIGUEL,1
MICHELLE,1
MICHELE,1
MICHEAL,1
MICHAEL,1
MELVIN,1
MELISSA,1
MELINDA,1
MELANIE,1
MEGAN,1
MAXINE,1
MAX,1
MAUREEN,1
MATTIE,1
MATTHEW,1
MATHEW,1
MARY,1
MARVIN,1
MARTIN,1
MARTHA,1
MARSHALL,1
MARSHA,1
MARLENE,1
MARK,1
MARJORIE,1
MARION,1
MARION,1
MARIO,1
MARILYN,1
MARIE,1
MARIAN,1
MARIA,1
MARGIE,1
MARGARET,1
MARCUS,1
MARCIA,1
MARC,1
MANUEL,1
MAE,1
MABEL,1
LYNN,1
LYDIA,1
LUIS,1
LUCY,1
LUCILLE,1
LOUISE,1
LOUIS,1
LORRAINE,1
LORI,1
LORETTA,1
LONNIE,1
LOIS,1
LLOYD,1
LISA,1
LINDA,1
LILLIE,1
LILLIAN,1
LEWIS,1
LESTER,1
LESLIE,1
LESLIE,1
LEROY,1
LEONARD,1
LEONA,1
LEON,1
LEO,1
LENA,1
LEE,1
LEAH,1
LAWRENCE,1
LAURIE,1
LAUREN,1
LAURA,1
LARRY,1
LANCE,1
KYLE,1
KURT,1
KRISTINA,1
KRISTIN,1
KRISTEN,1
KIRK,1
KIMBERLY,1
KIM,1
KEVIN,1
KENT,1
KEN,1
KELLY,1
KELLY,1
KEITH,1
KAY,1
KATIE,1
KATHY,1
KATHRYN,1
KATHLEEN,1
KATHERINE,1
KARL,1
KAREN,1
JUSTIN,1
JUNE,1
JULIO,1
JULIE,1
JULIAN,1
JULIA,1
JUDY,1
JUANITA,1
JUAN,1
JOYCE,1
JOY,1
JOSHUA,1
JOSEPHINE,1
JOSEPH,1
JOSE,1
JORGE,1
JORDAN,1
JONATHAN,1
JON,1
JOHNNY,1
JOHNNIE,1
JOHN,1
JOEL,1
JOE,1
JOANNE,1
JOANN,1
JOAN,1
JO,1
JIMMY,1
JIM,1
JILL,1
JESUS,1
JESSIE,1
JESSIE,1
JESSICA,1
JESSE,1
JERRY,1
JEROME,1
JEREMY,1
JENNY,1
JENNIFER,1
JENNIE,1
JEFFREY,1
JEFFERY,1
JEFF,1
JEANNE,1
JEANETTE,1
JEAN,1
JAY,1
JAVIER,1
JASON,1
JARED,1
JANICE,1
JANET,1
JANE,1
JAMIE,1
JAMIE,1
JAMES,1
JAIME,1
JACQUELINE,1
JACOB,1
JACKIE,1
JACK,1
IVAN,1
ISAAC,1
IRMA,1
IRENE,1
IDA,1
IAN,1
HUGH,1
HOWARD,1
HOLLY,1
HILDA,1
HERMAN,1
HERBERT,1
HENRY,1
HELEN,1
HECTOR,1
HEATHER,1
HAZEL,1
HARVEY,1
HAROLD,1
GWENDOLYN,1
GUY,1
GREGORY,1
GREG,1
GRACE,1
GORDON,1
GLORIA,1
GLENN,1
GLENDA,1
GLEN,1
GLADYS,1
GINA,1
GILBERT,1
GERTRUDE,1
GERALDINE,1
GERALD,1
GEORGIA,1
GEORGE,1
GENE,1
GARY,1
GAIL,1
GABRIEL,1
FREDERICK,1
FREDDIE,1
FRED,1
FRANKLIN,1
FRANK,1
FRANCISCO,1
FRANCIS,1
FRANCES,1
FLOYD,1
FLORENCE,1
FERNANDO,1
FELIX,1
FELICIA,1
EVERETT,1
EVELYN,1
EVA,1
EUGENE,1
ETHEL,1
ESTHER,1
ERNEST,1
ERIN,1
ERIKA,1
ERIK,1
ERIC,1
ENRIQUE,1
EMMA,1
EMILY,1
ELSIE,1
ELMER,1
ELLEN,1
ELLA,1
ELIZABETH,1
ELEANOR,1
ELAINE,1
EILEEN,1
EDWIN,1
EDWARD,1
EDUARDO,1
EDNA,1
EDITH,1
EDGAR,1
EDDIE,1
EARL,1
DWIGHT,1
DWAYNE,1
DUSTIN,1
DUANE,1
DOUGLAS,1
DOROTHY,1
DORIS,1
DORA,1
DONNA,1
DONALD,1
DON,1
DOLORES,1
DIANNE,1
DIANE,1
DIANA,1
DERRICK,1
DEREK,1
DENNIS,1
DENISE,1
DELORES,1
DEBRA,1
DEBORAH,1
DEBBIE,1
DEANNA,1
DEAN,1
DAWN,1
DAVID,1
DAVE,1
DARYL,1
DARRYL,1
DARREN,1
DARRELL,1
DARLENE,1
DANNY,1
DANIELLE,1
DANIEL,1
DANA,1
DAN,1
DALE,1
DAISY,1
CYNTHIA,1
CURTIS,1
CRYSTAL,1
CRAIG,1
COURTNEY,1
CORY,1
COREY,1
CONSTANCE,1
CONNIE,1
COLLEEN,1
CODY,1
CLYDE,1
CLINTON,1
CLIFTON,1
CLIFFORD,1
CLAYTON,1
CLAUDIA,1
CLAUDE,1
CLARENCE,1
CLARA,1
CINDY,1
CHRISTY,1
CHRISTOPHER,1
CHRISTINE,1
CHRISTINA,1
CHRIS,1
CHESTER,1
CHERYL,1
CHARLOTTE,1
CHARLIE,1
CHARLES,1
CHARLENE,1
CHAD,1
CECIL,1
CATHY,1
CATHERINE,1
CASSANDRA,1
CASEY,1
CARRIE,1
CAROLYN,1
CAROLINE,1
CAROLE,1
CAROL,1
CARMEN,1
CARLOS,1
CARLA,1
CARL,1
CALVIN,1
BYRON,1
BRYAN,1
BRUCE,1
BRITTANY,1
BRIAN,1
BRETT,1
BRENT,1
BRENDA,1
BRANDY,1
BRANDON,1
BRADLEY,1
BRAD,1
BONNIE,1
BOBBY,1
BOBBIE,1
BOB,1
BILLY,1
BILLIE,1
BILL,1
BEVERLY,1
BETTY,1
BETH,1
BESSIE,1
BERTHA,1
BERNICE,1
BERNARD,1
BENJAMIN,1
BECKY,1
BEATRICE,1
BARRY,1
BARBARA,1
AUSTIN,1
AUDREY,1
ASHLEY,1
ARTHUR,1
ARNOLD,1
ARMANDO,1
ARLENE,1
APRIL,1
ANTONIO,1
ANTHONY,1
ANNIE,1
ANNETTE,1
ANNE,1
ANNA,1
ANN,1
ANITA,1
ANGELA,1
ANGEL,1
ANDY,1
ANDREW,1
ANDREA,1
ANDRE,1
ANA,1
AMY,1
AMBER,1
AMANDA,1
ALVIN,1
ALMA,1
ALLISON,1
ALLEN,1
ALLAN,1
ALICIA,1
ALICE,1
ALFREDO,1
ALFRED,1
ALEXANDER,1
ALEX,1
ALBERTO,1
ALBERT,1
ALAN,1
AGNES,1
ADRIAN,1
ADAM,1
AARON,1
