first_name,last_name
MARY,SMITH
PATRICIA,JOHNSON
LINDA,WILLIAMS
BARBARA,JONES
ELIZABETH,BROWN
JENNIFER,DAVIS
MARIA,MILLER
SUSAN,WILSON
MARGARET,MOORE
DOROTHY,TAYLOR
LISA,ANDERSON
NANCY,THOMAS
KAREN,JACKSON
BETTY,WHITE
HELEN,HARRIS
SANDRA,MARTIN
DONNA,THOMPSON
CAROL,GARCIA
RUTH,MARTINEZ
SHARON,ROBINSON
MICHELLE,CLARK
LAURA,RODRIGUEZ
SARAH,LEWIS
KIMBERLY,LEE
DEBORAH,WALKER
JESSICA,HALL
SHIRLEY,ALLEN
CYNTHIA,YOUNG
ANGELA,HERNANDEZ
MELISSA,KING
BRENDA,WRIGHT
AMY,LOPEZ
ANNA,HILL
REBECCA,SCOTT
VIRGINIA,GREEN
KATHLEEN,ADAMS
PAMELA,BAKER
MARTHA,GONZALEZ
DEBRA,NELSON
AMANDA,CARTER
STEPHANIE,MITCHELL
CAROLYN,PEREZ
CHRISTINE,ROBERTS
MARIE,TURNER
JANET,PHILLIPS
CATHERINE,CAMPBELL
FRANCES,PARKER
ANN,EVANS
JOYCE,EDWARDS
DIANE,COLLINS
ALICE,STEWART
JULIE,SANCHEZ
HEATHER,MORRIS
TERESA,ROGERS
DORIS,REED
GLORIA,COOK
EVELYN,MORGAN
JEAN,BELL
CHERYL,MURPHY
MILDRED,BAILEY
KATHERINE,RIVERA
JOAN,COOPER
ASHLEY,RICHARDSON
JUDITH,COX
ROSE,HOWARD
JANICE,WARD
KELLY,TORRES
NICOLE,PETERSON
JUDY,GRAY
CHRISTINA,RAMIREZ
KATHY,JAMES
THERESA,WATSON
BEVERLY,BROOKS
DENISE,KELLY
TAMMY,SANDERS
IRENE,PRICE
JANE,BENNETT
LORI,WOOD
RACHEL,BARNES
MARILYN,ROSS
ANDREA,HENDERSON
KATHRYN,COLEMAN
LOUISE,JENKINS
SARA,PERRY
ANNE,POWELL
JACQUELINE,LONG
WANDA,PATTERSON
BONNIE,HUGHES
JULIA,FLORES
RUBY,WASHINGTON
LOIS,BUTLER
TINA,SIMMONS
PHYLLIS,FOSTER
NORMA,GONZALES
PAULA,BRYANT
DIANA,ALEXANDER
ANNIE,RUSSELL
LILLIAN,GRIFFIN
EMILY,DIAZ
ROBIN,HAYES
PEGGY,MYERS
CRYSTAL,FORD
GLADYS,HAMILTON
RITA,GRAHAM
DAWN,SULLIVAN
CONNIE,WALLACE
FLORENCE,WOODS
TRACY,COLE
EDNA,WEST
TIFFANY,JORDAN
CARMEN,OWENS
ROSA,REYNOLDS
CINDY,FISHER
GRACE,ELLIS
WENDY,HARRISON
VICTORIA,GIBSON
EDITH,MCDONALD
KIM,CRUZ
SHERRY,MARSHALL
SYLVIA,ORTIZ
JOSEPHINE,GOMEZ
THELMA,MURRAY
SHANNON,FREEMAN
SHEILA,WELLS
ETHEL,WEBB
ELLEN,SIMPSON
ELAINE,STEVENS
MARJORIE,TUCKER
CARRIE,PORTER
CHARLOTTE,HUNTER
MONICA,HICKS
ESTHER,CRAWFORD
PAULINE,HENRY
EMMA,BOYD
JUANITA,MASON
ANITA,MORALES
RHONDA,KENNEDY
HAZEL,WARREN
AMBER,DIXON
EVA,RAMOS
DEBBIE,REYES
APRIL,BURNS
LESLIE,GORDON
CLARA,SHAW
LUCILLE,HOLMES
JAMIE,RICE
JOANNE,ROBERTSON
ELEANOR,HUNT
VALERIE,BLACK
DANIELLE,DANIELS
MEGAN,PALMER
ALICIA,MILLS
SUZANNE,NICHOLS
MICHELE,GRANT
GAIL,KNIGHT
BERTHA,FERGUSON
DARLENE,ROSE
VERONICA,STONE
JILL,HAWKINS
ERIN,DUNN
GERALDINE,PERKINS
LAUREN,HUDSON
CATHY,SPENCER
JOANN,GARDNER
LORRAINE,STEPHENS
LYNN,PAYNE
SALLY,PIERCE
REGINA,BERRY
ERICA,MATTHEWS
BEATRICE,ARNOLD
DOLORES,WAGNER
BERNICE,WILLIS
AUDREY,RAY
YVONNE,WATKINS
ANNETTE,OLSON
JUNE,CARROLL
SAMANTHA,DUNCAN
MARION,SNYDER
DANA,HART
STACY,CUNNINGHAM
ANA,BRADLEY
RENEE,LANE
IDA,ANDREWS
VIVIAN,RUIZ
ROBERTA,HARPER
HOLLY,FOX
BRITTANY,RILEY
MELANIE,ARMSTRONG
LORETTA,CARPENTER
YOLANDA,WEAVER
JEANETTE,GREENE
LAURIE,LAWRENCE
KATIE,ELLIOTT
KRISTEN,CHAVEZ
VANESSA,SIMS
ALMA,AUSTIN
SUE,PETERS
ELSIE,KELLEY
BETH,FRANKLIN
JEANNE,LAWSON
VICKI,FIELDS
CARLA,GUTIERREZ
TARA,RYAN
ROSEMARY,SCHMIDT
EILEEN,CARR
TERRI,VASQUEZ
GERTRUDE,CASTILLO
LUCY,WHEELER
TONYA,CHAPMAN
ELLA,OLIVER
STACEY,MONTGOMERY
WILMA,RICHARDS
GINA,WILLIAMSON
KRISTIN,JOHNSTON
JESSIE,BANKS
NATALIE,MEYER
AGNES,BISHOP
VERA,MCCOY
WILLIE,HOWELL
CHARLENE,ALVAREZ
BESSIE,MORRISON
DELORES,HANSEN
MELINDA,FERNANDEZ
PEARL,GARZA
ARLENE,HARVEY
MAUREEN,LITTLE
COLLEEN,BURTON
ALLISON,STANLEY
TAMARA,NGUYEN
JOY,GEORGE
GEORGIA,JACOBS
CONSTANCE,REID
LILLIE,KIM
CLAUDIA,FULLER
JACKIE,LYNCH
MARCIA,DEAN
TANYA,GILBERT
NELLIE,GARRETT
MINNIE,ROMERO
MARLENE,WELCH
HEIDI,LARSON
GLENDA,FRAZIER
LYDIA,BURKE
VIOLA,HANSON
COURTNEY,DAY
MARIAN,MENDOZA
STELLA,MORENO
CAROLINE,BOWMAN
DORA,MEDINA
JO,FOWLER
VICKIE,BREWER
MATTIE,HOFFMAN
TERRY,CARLSON
MAXINE,SILVA
IRMA,PEARSON
MABEL,HOLLAND
MARSHA,DOUGLAS
MYRTLE,FLEMING
LENA,JENSEN
CHRISTY,VARGAS
DEANNA,BYRD
PATSY,DAVIDSON
HILDA,HOPKINS
GWENDOLYN,MAY
JENNIE,TERRY
NORA,HERRERA
MARGIE,WADE
NINA,SOTO
CASSANDRA,WALTERS
LEAH,CURTIS
PENNY,NEAL
KAY,CALDWELL
PRISCILLA,LOWE
NAOMI,JENNINGS
CAROLE,BARNETT
BRANDY,GRAVES
OLGA,JIMENEZ
BILLIE,HORTON
DIANNE,SHELTON
TRACEY,BARRETT
LEONA,OBRIEN
JENNY,CASTRO
FELICIA,SUTTON
SONIA,GREGORY
MIRIAM,MCKINNEY
VELMA,LUCAS
BECKY,MILES
BOBBIE,CRAIG
VIOLET,RODRIQUEZ
KRISTINA,CHAMBERS
TONI,HOLT
MISTY,LAMBERT
MAE,FLETCHER
SHELLY,WATTS
DAISY,BATES
RAMONA,HALE
SHERRI,RHODES
ERIKA,PENA
JAMES,GANNON
JOHN,FARNSWORTH
ROBERT,BAUGHMAN
MICHAEL,SILVERMAN
WILLIAM,SATTERFIELD
DAVID,ROYAL
RICHARD,MCCRARY
CHARLES,KOWALSKI
JOSEPH,JOY
THOMAS,GRIGSBY
CHRISTOPHER,GRECO
DANIEL,CABRAL
PAUL,TROUT
MARK,RINEHART
DONALD,MAHON
GEORGE,LINTON
KENNETH,GOODEN
STEVEN,CURLEY
EDWARD,BAUGH
BRIAN,WYMAN
RONALD,WEINER
ANTHONY,SCHWAB
KEVIN,SCHULER
JASON,MORRISSEY
MATTHEW,MAHAN
GARY,COY
TIMOTHY,BUNN
JOSE,ANDREW
LARRY,THRASHER
JEFFREY,SPEAR
FRANK,WAGGONER
SCOTT,SHELLEY
ERIC,ROBERT
STEPHEN,QUALLS
ANDREW,PURDY
RAYMOND,MCWHORTER
GREGORY,MAULDIN
JOSHUA,MARK
JERRY,JORDON
DENNIS,GILMAN
WALTER,PERRYMAN
PATRICK,NEWSOM
PETER,MENARD
HAROLD,MARTINO
DOUGLAS,GRAF
HENRY,BILLINGSLEY
CARL,ARTIS
ARTHUR,SIMPKINS
RYAN,SALISBURY
ROGER,QUINTANILLA
JOE,GILLILAND
JUAN,FRALEY
JACK,FOUST
ALBERT,CROUSE
JONATHAN,SCARBOROUGH
JUSTIN,NGO
TERRY,GRISSOM
GERALD,FULTZ
KEITH,RICO
SAMUEL,MARLOW
WILLIE,MARKHAM
RALPH,MADRIGAL
LAWRENCE,LAWTON
NICHOLAS,BARFIELD
ROY,WHITING
BENJAMIN,VARNEY
BRUCE,SCHWARZ
BRANDON,HUEY
ADAM,GOOCH
HARRY,ARCE
FRED,WHEAT
WAYNE,TRUONG
BILLY,POULIN
STEVE,MACKENZIE
LOUIS,LEONE
JEREMY,HURTADO
AARON,SELBY
RANDY,GAITHER
HOWARD,FORTNER
EUGENE,CULPEPPER
CARLOS,COUGHLIN
RUSSELL,BRINSON
BOBBY,BOUDREAU
VICTOR,BARKLEY
MARTIN,BALES
ERNEST,STEPP
PHILLIP,HOLM
TODD,TAN
JESSE,SCHILLING
CRAIG,MORRELL
ALAN,KAHN
SHAWN,HEATON
CLARENCE,GAMEZ
SEAN,DOUGLASS
PHILIP,CAUSEY
CHRIS,BROTHERS
JOHNNY,TURPIN
EARL,SHANKS
JIMMY,SCHRADER
ANTONIO,MEEK
DANNY,ISOM
BRYAN,HARDISON
TONY,CARRANZA
LUIS,YANEZ
MIKE,WAY
STANLEY,SCROGGINS
LEONARD,SCHOFIELD
NATHAN,RUNYON
DALE,RATCLIFF
MANUEL,MURRELL
RODNEY,MOELLER
CURTIS,IRBY
NORMAN,CURRIER
ALLEN,BUTTERFIELD
MARVIN,YEE
VINCENT,RALSTON
GLENN,PULLEN
JEFFERY,PINSON
TRAVIS,ESTEP
JEFF,EAST
CHAD,CARBONE
JACOB,LANCE
LEE,HAWKS
MELVIN,ELLINGTON
ALFRED,CASILLAS
KYLE,SPURLOCK
FRANCIS,SIKES
BRADLEY,MOTLEY
JESUS,MCCARTNEY
HERBERT,KRUGER
FREDERICK,ISBELL
RAY,HOULE
JOEL,FRANCISCO
EDWIN,BURK
DON,BONE
EDDIE,TOMLIN
RICKY,SHELBY
TROY,QUIGLEY
RANDALL,NEUMANN
BARRY,LOVELACE
ALEXANDER,FENNELL
BERNARD,COLBY
MARIO,CHEATHAM
LEROY,BUSTAMANTE
FRANCISCO,SKIDMORE
MARCUS,HIDALGO
MICHEAL,FORMAN
THEODORE,CULP
CLIFFORD,BOWENS
MIGUEL,BETANCOURT
OSCAR,AQUINO
JAY,ROBB
JIM,REA
TOM,MILNER
CALVIN,MARTEL
ALEX,GRESHAM
JON,WILES
RONNIE,RICKETTS
BILL,GAVIN
LLOYD,DOWD
TOMMY,COLLAZO
LEON,BOSTIC
DEREK,BLAKELY
WARREN,SHERROD
DARRELL,POWER
JEROME,KENYON
FLOYD,GANDY
LEO,EBERT
ALVIN,DELOACH
TIM,CARY
WESLEY,BULL
GORDON,ALLARD
DEAN,SAUER
GREG,ROBINS
JORGE,OLIVARES
DUSTIN,GILLETTE
PEDRO,CHESTNUT
DERRICK,BOURQUE
DAN,PAINE
LEWIS,LYMAN
ZACHARY,HITE
COREY,HAUSER
HERMAN,DEVORE
MAURICE,CRAWLEY
VERNON,CHAPA
ROBERTO,VU
CLYDE,TOBIAS
GLEN,TALBERT
HECTOR,POINDEXTER
SHANE,MILLARD
RICARDO,MEADOR
SAM,MCDUFFIE
RICK,MATTOX
LESTER,KRAUS
BRENT,HARKINS
RAMON,CHOATE
CHARLIE,BESS
TYLER,WREN
GILBERT,SLEDGE
GENE,SANBORN
MARC,OUTLAW
REGINALD,KINDER
RUBEN,GEARY
BRETT,CORNWELL
ANGEL,BARCLAY
NATHANIEL,ADAM
RAFAEL,ABNEY
LESLIE,SEWARD
EDGAR,RHOADS
MILTON,HOWLAND
RAUL,FORTIER
BEN,EASTER
CHESTER,BENNER
CECIL,VINES
DUANE,TUBBS
FRANKLIN,TROUTMAN
ANDRE,RAPP
ELMER,NOE
BRAD,MCCURDY
GABRIEL,HARDER
RON,DELUCA
MITCHELL,WESTMORELAND
ROLAND,SOUTH
ARNOLD,HAVENS
HARVEY,GUAJARDO
JARED,ELY
ADRIAN,CLARY
KARL,SEAL
CORY,MEEHAN
CLAUDE,HERZOG
ERIK,GUILLEN
DARRYL,ASHCRAFT
JAMIE,WAUGH
NEIL,RENNER
JESSIE,MILAM
CHRISTIAN,JUNG
JAVIER,ELROD
FERNANDO,CHURCHILL
CLINTON,BUFORD
TED,BREAUX
MATHEW,BOLIN
TYRONE,ASHER
DARREN,WINDHAM
LONNIE,TIRADO
LANCE,PEMBERTON
CODY,NOLEN
JULIO,NOLAND
KELLY,KNOTT
KURT,EMMONS
ALLAN,CORNISH
NELSON,CHRISTENSON
GUY,BROWNLEE
CLAYTON,BARBEE
HUGH,WALDROP
MAX,PITT
DWAYNE,OLVERA
DWIGHT,LOMBARDI
ARMANDO,GRUBER
FELIX,GAFFNEY
JIMMIE,EGGLESTON
EVERETT,BANDA
JORDAN,ARCHULETA
IAN,STILL
WALLACE,SLONE
KEN,PREWITT
BOB,PFEIFFER
JAIME,NETTLES
CASEY,MENA
ALFREDO,MCADAMS
ALBERTO,HENNING
DAVE,GARDINER
IVAN,CROMWELL
JOHNNIE,CHISHOLM
SIDNEY,BURLESON
BYRON,BOX
JULIAN,VEST
ISAAC,OGLESBY
MORRIS,MCCARTER
CLIFTON,MALCOLM
WILLARD,LUMPKIN
DARYL,LARUE
ROSS,GREY
VIRGIL,WOFFORD
ANDY,VANHORN
MARSHALL,THORN
SALVADOR,TEEL
PERRY,SWAFFORD
KIRK,STCLAIR
SERGIO,STANFIELD
MARION,OCAMPO
TRACY,HERRMANN
SETH,HANNON
KENT,ARSENAULT
TERRANCE,ROUSH
RENE,MCALISTER
EDUARDO,HIATT
TERRENCE,GUNDERSON
ENRIQUE,FORSYTHE
FREDDIE,DUGGAN
WADE,DELVALLE
AUSTIN,CINTRON
